{
  "temperature": 0.0,
  "shots": [
    0,
    1,
    2,
    3,
    4,
    5
  ],
  "mmlu_split": "test",
  "gsm8k_split": "test",
  "models": [
    
    {
      "model": "Qwen/Qwen3-4B-base",
      "model_id": "Qwen/Qwen3-4B-base",
      "metadata": {},
      "benchmarks": {
        "mmlu": {
          "by_shot": {}
        },
        "gsm8k": {
          "by_shot": {
            "0": {
              "accuracy": 80.3639120545868,
              "correct": 1060,
              "total": 1319
            },
            "1": {
              "accuracy": 76.19408642911296,
              "correct": 1004,
              "total": 1319
            },
            "2": {
              "accuracy": 77.78620166793026,
              "correct": 1026,
              "total": 1319
            },
            "3": {
              "accuracy": 78.62016679302502,
              "correct": 1037,
              "total": 1319
            },
            "4": {
              "accuracy": 76.26990144048523,
              "correct": 1006,
              "total": 1319
            },
            "5": {
              "accuracy": 77.93783169067476,
              "correct": 1028,
              "total": 1319
            }
          }
        }
      },
      "started_at": 1755804933,
      "ended_at": 1755805133
    },
    {
      "model": "Qwen/Qwen3-8B-base",
      "model_id": "Qwen/Qwen3-8B-base",
      "metadata": {},
      "benchmarks": {
        "mmlu": {
          "by_shot": {}
        },
        "gsm8k": {
          "by_shot": {
            "0": {
              "accuracy": 81.50113722517058,
              "correct": 1075,
              "total": 1319
            },
            "1": {
              "accuracy": 81.50113722517058,
              "correct": 1075,
              "total": 1319
            },
            "2": {
              "accuracy": 81.6527672479151,
              "correct": 1077,
              "total": 1319
            },
            "3": {
              "accuracy": 84.53373768006065,
              "correct": 1115,
              "total": 1319
            },
            "4": {
              "accuracy": 84.23047763457164,
              "correct": 1111,
              "total": 1319
            },
            "5": {
              "accuracy": 83.39651250947688,
              "correct": 1100,
              "total": 1319
            }
          }
        }
      },
      "started_at": 1755805133,
      "ended_at": 1755805368
    },
    {
      "model": "Qwen/Qwen3-14B-base",
      "model_id": "Qwen/Qwen3-14B-base",
      "metadata": {},
      "benchmarks": {
        "mmlu": {
          "by_shot": {}
        },
        "gsm8k": {
          "by_shot": {
            "0": {
              "accuracy": 86.27748294162244,
              "correct": 1138,
              "total": 1319
            },
            "1": {
              "accuracy": 80.43972706595906,
              "correct": 1061,
              "total": 1319
            },
            "2": {
              "accuracy": 81.9560272934041,
              "correct": 1081,
              "total": 1319
            },
            "3": {
              "accuracy": 86.88400303260046,
              "correct": 1146,
              "total": 1319
            },
            "4": {
              "accuracy": 82.86580742987113,
              "correct": 1093,
              "total": 1319
            },
            "5": {
              "accuracy": 80.28809704321456,
              "correct": 1059,
              "total": 1319
            }
          }
        }
      },
      "started_at": 1755805368,
      "ended_at": 1755805586
    }
  ],
  "started_at": 1755804150,
  "ended_at": 1755805586
}