{
  "temperature": 0.0,
  "shots": [
    0,
    1,
    2,
    3,
    4,
    5
  ],
  "mmlu_split": "test",
  "gsm8k_split": "test",
  "models": [
    {
      "model": "Qwen/Qwen3-0.6B-base",
      "model_id": "Qwen/Qwen3-0.6B-base",
      "metadata": {},
      "benchmarks": {
        "mmlu": {
          "by_shot": {}
        },
        "gsm8k": {
          "by_shot": {
            "0": {
              "accuracy": 40.71266110689917,
              "correct": 537,
              "total": 1319
            },
            "1": {
              "accuracy": 36.08794541319181,
              "correct": 476,
              "total": 1319
            },
            "2": {
              "accuracy": 43.59363153904473,
              "correct": 575,
              "total": 1319
            },
            "3": {
              "accuracy": 42.60803639120546,
              "correct": 562,
              "total": 1319
            },
            "4": {
              "accuracy": 41.31918119787718,
              "correct": 545,
              "total": 1319
            },
            "5": {
              "accuracy": 42.835481425322214,
              "correct": 565,
              "total": 1319
            }
          }
        }
      },
      "started_at": 1755804753,
      "ended_at": 1755804837
    },
    {
      "model": "qwen3-0.6b-grpo-global_step_72",
      "model_id": "josancamon/qwen3-0.6b-grpo-gsm8k",
      "metadata": {
        "base_model": "qwen3-0.6b",
        "checkpoint": "global_step_72",
        "revision": "global-step-72"
      },
      "benchmarks": {
        "mmlu": {
          "by_shot": {}
        },
        "gsm8k": {
          "by_shot": {
            "0": {
              "accuracy": 69.0674753601213,
              "correct": 911,
              "total": 1319
            },
            "1": {
              "accuracy": 59.74222896133434,
              "correct": 788,
              "total": 1319
            },
            "2": {
              "accuracy": 61.41015921152388,
              "correct": 810,
              "total": 1319
            },
            "3": {
              "accuracy": 62.4715693707354,
              "correct": 824,
              "total": 1319
            },
            "4": {
              "accuracy": 63.38134950720242,
              "correct": 836,
              "total": 1319
            },
            "5": {
              "accuracy": 62.1683093252464,
              "correct": 820,
              "total": 1319
            }
          }
        }
      },
      "started_at": 1755922045,
      "ended_at": 1755922173
    },
    {
      "model": "Qwen/Qwen3-1.7B-base",
      "model_id": "Qwen/Qwen3-1.7B-base",
      "metadata": {},
      "benchmarks": {
        "mmlu": {
          "by_shot": {}
        },
        "gsm8k": {
          "by_shot": {
            "0": {
              "accuracy": 54.814253222137985,
              "correct": 723,
              "total": 1319
            },
            "1": {
              "accuracy": 52.615617892342684,
              "correct": 694,
              "total": 1319
            },
            "2": {
              "accuracy": 61.865049279757386,
              "correct": 815,
              "total": 1319
            },
            "3": {
              "accuracy": 60.803639120545874,
              "correct": 802,
              "total": 1319
            },
            "4": {
              "accuracy": 61.63760424564063,
              "correct": 812,
              "total": 1319
            },
            "5": {
              "accuracy": 62.0166793025019,
              "correct": 818,
              "total": 1319
            }
          }
        }
      },
      "started_at": 1755804837,
      "ended_at": 1755804933
    },
    {
      "model": "Qwen/Qwen3-4B-base",
      "model_id": "Qwen/Qwen3-4B-base",
      "metadata": {},
      "benchmarks": {
        "mmlu": {
          "by_shot": {}
        },
        "gsm8k": {
          "by_shot": {
            "0": {
              "accuracy": 80.3639120545868,
              "correct": 1060,
              "total": 1319
            },
            "1": {
              "accuracy": 76.19408642911296,
              "correct": 1004,
              "total": 1319
            },
            "2": {
              "accuracy": 77.78620166793026,
              "correct": 1026,
              "total": 1319
            },
            "3": {
              "accuracy": 78.62016679302502,
              "correct": 1037,
              "total": 1319
            },
            "4": {
              "accuracy": 76.26990144048523,
              "correct": 1006,
              "total": 1319
            },
            "5": {
              "accuracy": 77.93783169067476,
              "correct": 1028,
              "total": 1319
            }
          }
        }
      },
      "started_at": 1755804933,
      "ended_at": 1755805133
    },
    {
      "model": "Qwen/Qwen3-8B-base",
      "model_id": "Qwen/Qwen3-8B-base",
      "metadata": {},
      "benchmarks": {
        "mmlu": {
          "by_shot": {}
        },
        "gsm8k": {
          "by_shot": {
            "0": {
              "accuracy": 81.50113722517058,
              "correct": 1075,
              "total": 1319
            },
            "1": {
              "accuracy": 81.50113722517058,
              "correct": 1075,
              "total": 1319
            },
            "2": {
              "accuracy": 81.6527672479151,
              "correct": 1077,
              "total": 1319
            },
            "3": {
              "accuracy": 84.53373768006065,
              "correct": 1115,
              "total": 1319
            },
            "4": {
              "accuracy": 84.23047763457164,
              "correct": 1111,
              "total": 1319
            },
            "5": {
              "accuracy": 83.39651250947688,
              "correct": 1100,
              "total": 1319
            }
          }
        }
      },
      "started_at": 1755805133,
      "ended_at": 1755805368
    },
    {
      "model": "Qwen/Qwen3-14B-base",
      "model_id": "Qwen/Qwen3-14B-base",
      "metadata": {},
      "benchmarks": {
        "mmlu": {
          "by_shot": {}
        },
        "gsm8k": {
          "by_shot": {
            "0": {
              "accuracy": 86.27748294162244,
              "correct": 1138,
              "total": 1319
            },
            "1": {
              "accuracy": 80.43972706595906,
              "correct": 1061,
              "total": 1319
            },
            "2": {
              "accuracy": 81.9560272934041,
              "correct": 1081,
              "total": 1319
            },
            "3": {
              "accuracy": 86.88400303260046,
              "correct": 1146,
              "total": 1319
            },
            "4": {
              "accuracy": 82.86580742987113,
              "correct": 1093,
              "total": 1319
            },
            "5": {
              "accuracy": 80.28809704321456,
              "correct": 1059,
              "total": 1319
            }
          }
        }
      },
      "started_at": 1755805368,
      "ended_at": 1755805586
    }
  ],
  "started_at": 1755804150,
  "ended_at": 1755805586
}