{
  "temperature": 0.0,
  "shots": [
    0,
    1,
    2,
    3,
    4,
    5
  ],
  "mmlu_split": "test",
  "gsm8k_split": "test",
  "math_split": "validation",
  "models": [
    {
      "model": "Qwen/Qwen3-1.7B-base",
      "model_id": "Qwen/Qwen3-1.7B-base",
      "metadata": {},
      "benchmarks": {
        "mmlu": {
          "by_shot": {}
        },
        "gsm8k": {
          "by_shot": {
            "0": {
              "accuracy": 54.814253222137985,
              "correct": 723,
              "total": 1319
            },
            "1": {
              "accuracy": 52.615617892342684,
              "correct": 694,
              "total": 1319
            },
            "2": {
              "accuracy": 61.865049279757386,
              "correct": 815,
              "total": 1319
            },
            "3": {
              "accuracy": 60.72782410917361,
              "correct": 800,
              "total": 1319
            },
            "4": {
              "accuracy": 61.865049279757386,
              "correct": 815,
              "total": 1319
            },
            "5": {
              "accuracy": 62.09249431387415,
              "correct": 819,
              "total": 1319
            }
          }
        },
        "math": {
          "by_shot": {}
        }
      },
      "started_at": 1757981714,
      "ended_at": 1757981815
    },
    {
      "model": "qwen3-1-7b-grpo-lr1e-6-bs512-flexible-global_step_56",
      "model_id": "josancamon/qwen3-1-7b-grpo-lr1e-6-bs512-flexible",
      "metadata": {
        "base_model": "josancamon/qwen3-1-7b-grpo-lr1e-6-bs512-flexible",
        "checkpoint": "global_step_56",
        "revision": "global-step-56"
      },
      "benchmarks": {
        "mmlu": {
          "by_shot": {}
        },
        "gsm8k": {
          "by_shot": {
            "0": {
              "accuracy": 80.43972706595906,
              "correct": 1061,
              "total": 1319
            },
            "1": {
              "accuracy": 64.29112964366944,
              "correct": 847,
              "total": 1319
            },
            "2": {
              "accuracy": 68.23351023502654,
              "correct": 900,
              "total": 1319
            },
            "3": {
              "accuracy": 72.10007581501138,
              "correct": 951,
              "total": 1319
            },
            "4": {
              "accuracy": 71.64518574677786,
              "correct": 944,
              "total": 1319
            },
            "5": {
              "accuracy": 70.65959059893859,
              "correct": 932,
              "total": 1319
            }
          }
        },
        "math": {
          "by_shot": {}
        }
      },
      "started_at": 1757981815,
      "ended_at": 1757981908
    },
    {
      "model": "qwen3-1-7b-grpo-lr1e-6-bs512-strict-global_step_56",
      "model_id": "josancamon/qwen3-1-7b-grpo-lr1e-6-bs512-strict",
      "metadata": {
        "base_model": "josancamon/qwen3-1-7b-grpo-lr1e-6-bs512-strict",
        "checkpoint": "global_step_56",
        "revision": "global-step-56"
      },
      "benchmarks": {
        "mmlu": {
          "by_shot": {}
        },
        "gsm8k": {
          "by_shot": {
            "0": {
              "accuracy": 81.19787717968158,
              "correct": 1071,
              "total": 1319
            },
            "1": {
              "accuracy": 71.56937073540561,
              "correct": 944,
              "total": 1319
            },
            "2": {
              "accuracy": 71.79681576952237,
              "correct": 947,
              "total": 1319
            },
            "3": {
              "accuracy": 74.75360121304018,
              "correct": 986,
              "total": 1319
            },
            "4": {
              "accuracy": 73.61637604245641,
              "correct": 971,
              "total": 1319
            },
            "5": {
              "accuracy": 73.61637604245641,
              "correct": 971,
              "total": 1319
            }
          }
        },
        "math": {
          "by_shot": {}
        }
      },
      "started_at": 1757981908,
      "ended_at": 1757982008
    }
  ],
  "started_at": 1757981269,
  "ended_at": 1757982008
}